[
  {
    "id": 1,
    "category": "Admissions",
    "question": "What is the process for admission into Saras AI Institute?",
    "answer": "The admission process at Saras AI Institute typically involves submitting the online application form along with necessary details, followed by a quick pre-Enrollment assessment to evaluate your candidature based on your personal traits and basic communication skills in English."
  },
  {
    "id": 2,
    "category": "Admissions",
    "question": "Is there an application fee for applying to Saras AI Institute?",
    "answer": "There is no application fee for applying to any program at Saras."
  },
  {
    "id": 3,
    "category": "Admissions",
    "question": "What is pre-enrollment assessment test? How do I prepare for it?",
    "answer": "It is a fully online assessment which takes less than 15 minutes. It is designed to evaluate your personal traits and basic English communication skills. You can take it at the time of filling out the application. It does not require any specific preparation."
  },
  {
    "id": 4,
    "category": "Admissions",
    "question": "Are there any specific requirements or prerequisites for admission into the programs?",
    "answer": "To be a successful professional in AI, you need to possess basic mathematical proficiency - which can be demonstrated by your math scores in high school or beyond. At Saras, you learn with global peers and faculties and should possess basic communication skills in English. These make up the basic eligibility criteria."
  },
  {
    "id": 5,
    "category": "Admissions",
    "question": "When is the deadline for submitting the application?",
    "answer": "The deadline for submitting applications is 5th August 2024."
  },
  {
    "id": 6,
    "category": "Curriculum and Faculty",
    "question": "What is the curriculum like at Saras AI Institute?",
    "answer": "The curriculum at Saras AI Institute helps impart essential technical as well as human skills. We have designed a role-based curriculum that prepares students for one of these in-demand roles: AI/ML Engineer; Data Scientist; Gen AI Engineer. The curriculum is designed to provide a comprehensive understanding of AI principles and practices, including hands-on projects and real-world applications."
  },
  {
    "id": 7,
    "category": "Curriculum and Faculty",
    "question": "What does the program structure look like, and how is the curriculum delivered?",
    "answer": "Each year is divided into 5 semesters which last for 8 weeks each. Our programs feature a mix of recorded and live sessions, allowing for flexibility in learning."
  },
  {
    "id": 8,
    "category": "Curriculum and Faculty",
    "question": "Can you provide more details about the role-based curriculum feature and how it benefits students?",
    "answer": "Our role-based curriculum is designed to provide targeted training and develop specialized skills in students that are highly relevant to their desired job roles from day one."
  },
  {
    "id": 9,
    "category": "Curriculum and Faculty",
    "question": "Do you also conduct LIVE sessions?",
    "answer": "Live sessions are conducted regularly to supplement the recorded content and provide opportunities for interactive learning and Q&A sessions. You get to interact with instructors as well as your dedicated coach for any help that you might need."
  },
  {
    "id": 10,
    "category": "Curriculum and Faculty",
    "question": "Can I transfer credits earned at other universities to Saras AI Institute?",
    "answer": "Yes, we evaluate the course that you have taken. If it overlaps with our curriculum and is relevant in today's time, we offer the flexibility of transferring credits."
  }
]